operation,randomOffset,transferSize,aggregateFilesizeMB,numTasks,parallelism,totalTime,numNodesList,numNodes,tasksPerNode,trMiB,storageType,opCount,taskName,taskPID,fileName,stageOrder,prevTask
write,1,4864.957705150258,137.55906200408936,24,24,0.497327987,[8],8,3,276.59626162178836,pfs,29649,run_idfeature,16515-dc126,cloudid_20160801_011500.nc,1,
read,1,4654.76321058955,210.6055555343628,24,24,5.276746943,[8],8,3,39.91200597818071,pfs,47443,run_idfeature,16515-dc126,cloudid_20160801_021500.nc,1,initial_data
read,1,4654.76321058955,210.6055555343628,24,24,5.276746943,[8],8,3,39.91200597818071,pfs,47443,run_idfeature,16515-dc126,cloudid_20160801_031500.nc,1,initial_data
read,1,4654.76321058955,210.6055555343628,24,24,5.276746943,[8],8,3,39.91200597818071,pfs,47443,run_idfeature,16515-dc126,cloudid_20160801_071500.nc,1,initial_data
read,1,4654.76321058955,210.6055555343628,24,24,5.276746943,[8],8,3,39.91200597818071,pfs,47443,run_idfeature,16515-dc126,cloudid_20160801_081500.nc,1,initial_data
read,1,4654.76321058955,210.6055555343628,24,24,5.276746943,[8],8,3,39.91200597818071,pfs,47443,run_idfeature,16515-dc126,cloudid_20160801_151500.nc,1,initial_data
read,1,4654.76321058955,210.6055555343628,24,24,5.276746943,[8],8,3,39.91200597818071,pfs,47443,run_idfeature,16515-dc126,cloudid_20160801_161500.nc,1,initial_data
read,1,4654.76321058955,210.6055555343628,24,24,5.276746943,[8],8,3,39.91200597818071,pfs,47443,run_idfeature,16515-dc126,cloudid_20160801_171500.nc,1,initial_data
read,1,4654.76321058955,210.6055555343628,24,24,5.276746943,[8],8,3,39.91200597818071,pfs,47443,run_idfeature,16515-dc126,cloudid_20160801_191500.nc,1,initial_data
read,1,4654.76321058955,210.6055555343628,24,24,5.276746943,[8],8,3,39.91200597818071,pfs,47443,run_idfeature,16515-dc126,cloudid_20160801_201500.nc,1,initial_data
write,1,4864.957705150258,137.55906200408936,24,24,0.497327987,[8],8,3,276.59626162178836,pfs,29649,run_idfeature,16515-dc126,cloudid_20160801_211500.nc,1,
read,1,4654.76321058955,210.6055555343628,24,24,5.276746943,[8],8,3,39.91200597818071,pfs,47443,run_idfeature,16515-dc126,IMERG_landmask_180W-180E_60S-60N.nc,1,initial_data
read,1,4654.76321058955,210.6055555343628,24,24,5.276746943,[8],8,3,39.91200597818071,pfs,47443,run_idfeature,16515-dc126,mcstrack_20160801_021500.nc,1,initial_data
read,1,4654.76321058955,210.6055555343628,24,24,5.276746943,[8],8,3,39.91200597818071,pfs,47443,run_idfeature,16515-dc126,mcstrack_20160801_031500.nc,1,initial_data
write,1,4864.957705150258,137.55906200408936,24,24,0.497327987,[8],8,3,276.59626162178836,pfs,29649,run_idfeature,16515-dc126,mcstrack_20160801_031500.nc,1,final_data
read,1,4654.76321058955,210.6055555343628,24,24,5.276746943,[8],8,3,39.91200597818071,pfs,47443,run_idfeature,16515-dc126,mcstrack_20160801_151500.nc,1,initial_data
write,1,4864.957705150258,137.55906200408936,24,24,0.497327987,[8],8,3,276.59626162178836,pfs,29649,run_idfeature,16515-dc126,mcstrack_20160801_151500.nc,1,final_data
read,1,4654.76321058955,210.6055555343628,24,24,5.276746943,[8],8,3,39.91200597818071,pfs,47443,run_idfeature,16515-dc126,mcstrack_20160801_161500.nc,1,initial_data
read,1,4654.76321058955,210.6055555343628,24,24,5.276746943,[8],8,3,39.91200597818071,pfs,47443,run_idfeature,16515-dc126,pr_rlut_mean_sam_2016080101.nc,1,initial_data
read,1,4654.76321058955,210.6055555343628,24,24,5.276746943,[8],8,3,39.91200597818071,pfs,47443,run_idfeature,16515-dc126,pr_rlut_mean_sam_2016080121.nc,1,initial_data
read,1,4654.76321058955,210.6055555343628,24,24,5.276746943,[8],8,3,39.91200597818071,pfs,47443,run_idfeature,16515-dc126,tracknumbers_20160801.0000_20160801.2300.nc,1,initial_data
write,1,4864.957705150258,137.55906200408936,24,24,0.497327987,[8],8,3,276.59626162178836,pfs,29649,run_idfeature,16515-dc126,track_20160801_081500.nc,1,
write,1,4864.957705150258,137.55906200408936,24,24,0.497327987,[8],8,3,276.59626162178836,pfs,29649,run_idfeature,16515-dc126,track_20160801_201500.nc,1,
read,1,5019.672965710614,163.90186595916748,24,24,3.667527421,[8],8,3,44.690017863445846,pfs,34238,run_idfeature,16516-dc126,cloudid_20160801_003000.nc,1,initial_data
read,1,5019.672965710614,163.90186595916748,24,24,3.667527421,[8],8,3,44.690017863445846,pfs,34238,run_idfeature,16516-dc126,cloudid_20160801_021500.nc,1,initial_data
read,1,5019.672965710614,163.90186595916748,24,24,3.667527421,[8],8,3,44.690017863445846,pfs,34238,run_idfeature,16516-dc126,cloudid_20160801_061500.nc,1,initial_data
read,1,5019.672965710614,163.90186595916748,24,24,3.667527421,[8],8,3,44.690017863445846,pfs,34238,run_idfeature,16516-dc126,cloudid_20160801_071500.nc,1,initial_data
read,1,5019.672965710614,163.90186595916748,24,24,3.667527421,[8],8,3,44.690017863445846,pfs,34238,run_idfeature,16516-dc126,cloudid_20160801_081500.nc,1,initial_data
read,1,5019.672965710614,163.90186595916748,24,24,3.667527421,[8],8,3,44.690017863445846,pfs,34238,run_idfeature,16516-dc126,cloudid_20160801_101500.nc,1,initial_data
read,1,5019.672965710614,163.90186595916748,24,24,3.667527421,[8],8,3,44.690017863445846,pfs,34238,run_idfeature,16516-dc126,cloudid_20160801_111500.nc,1,initial_data
read,1,5019.672965710614,163.90186595916748,24,24,3.667527421,[8],8,3,44.690017863445846,pfs,34238,run_idfeature,16516-dc126,cloudid_20160801_141500.nc,1,initial_data
read,1,5019.672965710614,163.90186595916748,24,24,3.667527421,[8],8,3,44.690017863445846,pfs,34238,run_idfeature,16516-dc126,cloudid_20160801_151500.nc,1,initial_data
read,1,5019.672965710614,163.90186595916748,24,24,3.667527421,[8],8,3,44.690017863445846,pfs,34238,run_idfeature,16516-dc126,cloudid_20160801_161500.nc,1,initial_data
read,1,5019.672965710614,163.90186595916748,24,24,3.667527421,[8],8,3,44.690017863445846,pfs,34238,run_idfeature,16516-dc126,cloudid_20160801_171500.nc,1,initial_data
write,1,5032.373747784145,116.4153003692627,24,24,0.417432432,[8],8,3,278.88417728228336,pfs,24257,run_idfeature,16516-dc126,cloudid_20160801_201500.nc,1,
read,1,5019.672965710614,163.90186595916748,24,24,3.667527421,[8],8,3,44.690017863445846,pfs,34238,run_idfeature,16516-dc126,cloudid_20160801_211500.nc,1,initial_data
read,1,5019.672965710614,163.90186595916748,24,24,3.667527421,[8],8,3,44.690017863445846,pfs,34238,run_idfeature,16516-dc126,cloudid_20160801_221500.nc,1,initial_data
read,1,5019.672965710614,163.90186595916748,24,24,3.667527421,[8],8,3,44.690017863445846,pfs,34238,run_idfeature,16516-dc126,IMERG_landmask_180W-180E_60S-60N.nc,1,initial_data
write,1,5032.373747784145,116.4153003692627,24,24,0.417432432,[8],8,3,278.88417728228336,pfs,24257,run_idfeature,16516-dc126,mcstrack_20160801_111500.nc,1,final_data
read,1,5019.672965710614,163.90186595916748,24,24,3.667527421,[8],8,3,44.690017863445846,pfs,34238,run_idfeature,16516-dc126,mcstrack_20160801_161500.nc,1,initial_data
read,1,5019.672965710614,163.90186595916748,24,24,3.667527421,[8],8,3,44.690017863445846,pfs,34238,run_idfeature,16516-dc126,mcstrack_20160801_171500.nc,1,initial_data
write,1,5032.373747784145,116.4153003692627,24,24,0.417432432,[8],8,3,278.88417728228336,pfs,24257,run_idfeature,16516-dc126,mcstrack_20160801_211500.nc,1,final_data
read,1,5019.672965710614,163.90186595916748,24,24,3.667527421,[8],8,3,44.690017863445846,pfs,34238,run_idfeature,16516-dc126,pr_rlut_mean_sam_2016080120.nc,1,initial_data
read,1,5019.672965710614,163.90186595916748,24,24,3.667527421,[8],8,3,44.690017863445846,pfs,34238,run_idfeature,16516-dc126,tracknumbers_20160801.0000_20160801.2300.nc,1,initial_data
write,1,5032.373747784145,116.4153003692627,24,24,0.417432432,[8],8,3,278.88417728228336,pfs,24257,run_idfeature,16516-dc126,track_20160801_161500.nc,1,
read,1,4983.607837032425,213.7116527557373,24,24,4.211004534,[8],8,3,50.75075342004781,pfs,44966,run_idfeature,16517-dc126,cloudid_20160801_011500.nc,1,initial_data
write,1,4865.77786022666,137.57761192321777,24,24,0.627537637,[8],8,3,219.23404081533644,pfs,29648,run_idfeature,16517-dc126,cloudid_20160801_021500.nc,1,
read,1,4983.607837032425,213.7116527557373,24,24,4.211004534,[8],8,3,50.75075342004781,pfs,44966,run_idfeature,16517-dc126,cloudid_20160801_031500.nc,1,initial_data
read,1,4983.607837032425,213.7116527557373,24,24,4.211004534,[8],8,3,50.75075342004781,pfs,44966,run_idfeature,16517-dc126,cloudid_20160801_051500.nc,1,initial_data
read,1,4983.607837032425,213.7116527557373,24,24,4.211004534,[8],8,3,50.75075342004781,pfs,44966,run_idfeature,16517-dc126,cloudid_20160801_061500.nc,1,initial_data
read,1,4983.607837032425,213.7116527557373,24,24,4.211004534,[8],8,3,50.75075342004781,pfs,44966,run_idfeature,16517-dc126,cloudid_20160801_081500.nc,1,initial_data
write,1,4865.77786022666,137.57761192321777,24,24,0.627537637,[8],8,3,219.23404081533644,pfs,29648,run_idfeature,16517-dc126,cloudid_20160801_081500.nc,1,
read,1,4983.607837032425,213.7116527557373,24,24,4.211004534,[8],8,3,50.75075342004781,pfs,44966,run_idfeature,16517-dc126,cloudid_20160801_091500.nc,1,initial_data
read,1,4983.607837032425,213.7116527557373,24,24,4.211004534,[8],8,3,50.75075342004781,pfs,44966,run_idfeature,16517-dc126,cloudid_20160801_111500.nc,1,initial_data
read,1,4983.607837032425,213.7116527557373,24,24,4.211004534,[8],8,3,50.75075342004781,pfs,44966,run_idfeature,16517-dc126,cloudid_20160801_121500.nc,1,initial_data
read,1,4983.607837032425,213.7116527557373,24,24,4.211004534,[8],8,3,50.75075342004781,pfs,44966,run_idfeature,16517-dc126,cloudid_20160801_131500.nc,1,initial_data
read,1,4983.607837032425,213.7116527557373,24,24,4.211004534,[8],8,3,50.75075342004781,pfs,44966,run_idfeature,16517-dc126,cloudid_20160801_191500.nc,1,initial_data
read,1,4983.607837032425,213.7116527557373,24,24,4.211004534,[8],8,3,50.75075342004781,pfs,44966,run_idfeature,16517-dc126,cloudid_20160801_221500.nc,1,initial_data
read,1,4983.607837032425,213.7116527557373,24,24,4.211004534,[8],8,3,50.75075342004781,pfs,44966,run_idfeature,16517-dc126,IMERG_landmask_180W-180E_60S-60N.nc,1,initial_data
read,1,4983.607837032425,213.7116527557373,24,24,4.211004534,[8],8,3,50.75075342004781,pfs,44966,run_idfeature,16517-dc126,mcstrack_20160801_051500.nc,1,initial_data
read,1,4983.607837032425,213.7116527557373,24,24,4.211004534,[8],8,3,50.75075342004781,pfs,44966,run_idfeature,16517-dc126,mcstrack_20160801_061500.nc,1,initial_data
read,1,4983.607837032425,213.7116527557373,24,24,4.211004534,[8],8,3,50.75075342004781,pfs,44966,run_idfeature,16517-dc126,mcstrack_20160801_071500.nc,1,initial_data
read,1,4983.607837032425,213.7116527557373,24,24,4.211004534,[8],8,3,50.75075342004781,pfs,44966,run_idfeature,16517-dc126,mcstrack_20160801_081500.nc,1,initial_data
write,1,4865.77786022666,137.57761192321777,24,24,0.627537637,[8],8,3,219.23404081533644,pfs,29648,run_idfeature,16517-dc126,mcstrack_20160801_121500.nc,1,final_data
write,1,4865.77786022666,137.57761192321777,24,24,0.627537637,[8],8,3,219.23404081533644,pfs,29648,run_idfeature,16517-dc126,mcstrack_20160801_221500.nc,1,final_data
read,1,4983.607837032425,213.7116527557373,24,24,4.211004534,[8],8,3,50.75075342004781,pfs,44966,run_idfeature,16517-dc126,pr_rlut_mean_sam_2016080102.nc,1,initial_data
read,1,4983.607837032425,213.7116527557373,24,24,4.211004534,[8],8,3,50.75075342004781,pfs,44966,run_idfeature,16517-dc126,pr_rlut_mean_sam_2016080108.nc,1,initial_data
read,1,4983.607837032425,213.7116527557373,24,24,4.211004534,[8],8,3,50.75075342004781,pfs,44966,run_idfeature,16517-dc126,tracknumbers_20160801.0000_20160801.2300.nc,1,initial_data
write,1,4865.77786022666,137.57761192321777,24,24,0.627537637,[8],8,3,219.23404081533644,pfs,29648,run_idfeature,16517-dc126,track_20160801_061500.nc,1,
write,1,4865.77786022666,137.57761192321777,24,24,0.627537637,[8],8,3,219.23404081533644,pfs,29648,run_idfeature,16517-dc126,track_20160801_091500.nc,1,
read,1,5048.485702434978,197.3316526412964,24,24,4.726276433,[8],8,3,41.75203364396532,pfs,40986,run_idfeature,26305-dc117,cloudid_20160801_041500.nc,1,initial_data
read,1,5048.485702434978,197.3316526412964,24,24,4.726276433,[8],8,3,41.75203364396532,pfs,40986,run_idfeature,26305-dc117,cloudid_20160801_061500.nc,1,initial_data
write,1,6246.659510264655,120.42638969421387,24,24,0.399978512,[8],8,3,301.082148368545,pfs,20215,run_idfeature,26305-dc117,cloudid_20160801_061500.nc,1,
read,1,5048.485702434978,197.3316526412964,24,24,4.726276433,[8],8,3,41.75203364396532,pfs,40986,run_idfeature,26305-dc117,cloudid_20160801_071500.nc,1,initial_data
read,1,5048.485702434978,197.3316526412964,24,24,4.726276433,[8],8,3,41.75203364396532,pfs,40986,run_idfeature,26305-dc117,cloudid_20160801_091500.nc,1,initial_data
read,1,5048.485702434978,197.3316526412964,24,24,4.726276433,[8],8,3,41.75203364396532,pfs,40986,run_idfeature,26305-dc117,cloudid_20160801_111500.nc,1,initial_data
write,1,6246.659510264655,120.42638969421387,24,24,0.399978512,[8],8,3,301.082148368545,pfs,20215,run_idfeature,26305-dc117,cloudid_20160801_111500.nc,1,
read,1,5048.485702434978,197.3316526412964,24,24,4.726276433,[8],8,3,41.75203364396532,pfs,40986,run_idfeature,26305-dc117,cloudid_20160801_121500.nc,1,initial_data
read,1,5048.485702434978,197.3316526412964,24,24,4.726276433,[8],8,3,41.75203364396532,pfs,40986,run_idfeature,26305-dc117,cloudid_20160801_161500.nc,1,initial_data
read,1,5048.485702434978,197.3316526412964,24,24,4.726276433,[8],8,3,41.75203364396532,pfs,40986,run_idfeature,26305-dc117,cloudid_20160801_191500.nc,1,initial_data
read,1,5048.485702434978,197.3316526412964,24,24,4.726276433,[8],8,3,41.75203364396532,pfs,40986,run_idfeature,26305-dc117,cloudid_20160801_201500.nc,1,initial_data
read,1,5048.485702434978,197.3316526412964,24,24,4.726276433,[8],8,3,41.75203364396532,pfs,40986,run_idfeature,26305-dc117,cloudid_20160801_211500.nc,1,initial_data
read,1,5048.485702434978,197.3316526412964,24,24,4.726276433,[8],8,3,41.75203364396532,pfs,40986,run_idfeature,26305-dc117,IMERG_landmask_180W-180E_60S-60N.nc,1,initial_data
read,1,5048.485702434978,197.3316526412964,24,24,4.726276433,[8],8,3,41.75203364396532,pfs,40986,run_idfeature,26305-dc117,mcstrack_20160801_031500.nc,1,initial_data
read,1,5048.485702434978,197.3316526412964,24,24,4.726276433,[8],8,3,41.75203364396532,pfs,40986,run_idfeature,26305-dc117,mcstrack_20160801_041500.nc,1,initial_data
read,1,5048.485702434978,197.3316526412964,24,24,4.726276433,[8],8,3,41.75203364396532,pfs,40986,run_idfeature,26305-dc117,mcstrack_20160801_121500.nc,1,initial_data
read,1,5048.485702434978,197.3316526412964,24,24,4.726276433,[8],8,3,41.75203364396532,pfs,40986,run_idfeature,26305-dc117,mcstrack_20160801_131500.nc,1,initial_data
write,1,6246.659510264655,120.42638969421387,24,24,0.399978512,[8],8,3,301.082148368545,pfs,20215,run_idfeature,26305-dc117,mcstrack_20160801_161500.nc,1,final_data
read,1,5048.485702434978,197.3316526412964,24,24,4.726276433,[8],8,3,41.75203364396532,pfs,40986,run_idfeature,26305-dc117,pr_rlut_mean_sam_2016080106.nc,1,initial_data
read,1,5048.485702434978,197.3316526412964,24,24,4.726276433,[8],8,3,41.75203364396532,pfs,40986,run_idfeature,26305-dc117,pr_rlut_mean_sam_2016080111.nc,1,initial_data
read,1,5048.485702434978,197.3316526412964,24,24,4.726276433,[8],8,3,41.75203364396532,pfs,40986,run_idfeature,26305-dc117,tracknumbers_20160801.0000_20160801.2300.nc,1,initial_data
write,1,6246.659510264655,120.42638969421387,24,24,0.399978512,[8],8,3,301.082148368545,pfs,20215,run_idfeature,26305-dc117,track_20160801_071500.nc,1,
write,1,6246.659510264655,120.42638969421387,24,24,0.399978512,[8],8,3,301.082148368545,pfs,20215,run_idfeature,26305-dc117,track_20160801_121500.nc,1,
read,1,4471.408009076609,165.37253761291504,24,24,3.828763038,[8],8,3,43.19215787752155,pfs,38781,run_idfeature,26306-dc117,cloudid_20160801_003000.nc,1,initial_data
read,1,4471.408009076609,165.37253761291504,24,24,3.828763038,[8],8,3,43.19215787752155,pfs,38781,run_idfeature,26306-dc117,cloudid_20160801_011500.nc,1,initial_data
read,1,4471.408009076609,165.37253761291504,24,24,3.828763038,[8],8,3,43.19215787752155,pfs,38781,run_idfeature,26306-dc117,cloudid_20160801_041500.nc,1,initial_data
read,1,4471.408009076609,165.37253761291504,24,24,3.828763038,[8],8,3,43.19215787752155,pfs,38781,run_idfeature,26306-dc117,cloudid_20160801_051500.nc,1,initial_data
read,1,4471.408009076609,165.37253761291504,24,24,3.828763038,[8],8,3,43.19215787752155,pfs,38781,run_idfeature,26306-dc117,cloudid_20160801_071500.nc,1,initial_data
read,1,4471.408009076609,165.37253761291504,24,24,3.828763038,[8],8,3,43.19215787752155,pfs,38781,run_idfeature,26306-dc117,cloudid_20160801_101500.nc,1,initial_data
read,1,4471.408009076609,165.37253761291504,24,24,3.828763038,[8],8,3,43.19215787752155,pfs,38781,run_idfeature,26306-dc117,cloudid_20160801_121500.nc,1,initial_data
read,1,4471.408009076609,165.37253761291504,24,24,3.828763038,[8],8,3,43.19215787752155,pfs,38781,run_idfeature,26306-dc117,cloudid_20160801_131500.nc,1,initial_data
read,1,4471.408009076609,165.37253761291504,24,24,3.828763038,[8],8,3,43.19215787752155,pfs,38781,run_idfeature,26306-dc117,cloudid_20160801_141500.nc,1,initial_data
write,1,5182.168907287482,120.57738971710205,24,24,0.458312648,[8],8,3,263.0898148748058,pfs,24398,run_idfeature,26306-dc117,cloudid_20160801_161500.nc,1,
read,1,4471.408009076609,165.37253761291504,24,24,3.828763038,[8],8,3,43.19215787752155,pfs,38781,run_idfeature,26306-dc117,cloudid_20160801_201500.nc,1,initial_data
read,1,4471.408009076609,165.37253761291504,24,24,3.828763038,[8],8,3,43.19215787752155,pfs,38781,run_idfeature,26306-dc117,cloudid_20160801_211500.nc,1,initial_data
read,1,4471.408009076609,165.37253761291504,24,24,3.828763038,[8],8,3,43.19215787752155,pfs,38781,run_idfeature,26306-dc117,IMERG_landmask_180W-180E_60S-60N.nc,1,initial_data
read,1,4471.408009076609,165.37253761291504,24,24,3.828763038,[8],8,3,43.19215787752155,pfs,38781,run_idfeature,26306-dc117,mcstrack_20160801_081500.nc,1,initial_data
read,1,4471.408009076609,165.37253761291504,24,24,3.828763038,[8],8,3,43.19215787752155,pfs,38781,run_idfeature,26306-dc117,mcstrack_20160801_091500.nc,1,initial_data
write,1,5182.168907287482,120.57738971710205,24,24,0.458312648,[8],8,3,263.0898148748058,pfs,24398,run_idfeature,26306-dc117,mcstrack_20160801_101500.nc,1,final_data
write,1,5182.168907287482,120.57738971710205,24,24,0.458312648,[8],8,3,263.0898148748058,pfs,24398,run_idfeature,26306-dc117,mcstrack_20160801_201500.nc,1,final_data
read,1,4471.408009076609,165.37253761291504,24,24,3.828763038,[8],8,3,43.19215787752155,pfs,38781,run_idfeature,26306-dc117,pr_rlut_mean_sam_2016080116.nc,1,initial_data
read,1,4471.408009076609,165.37253761291504,24,24,3.828763038,[8],8,3,43.19215787752155,pfs,38781,run_idfeature,26306-dc117,tracknumbers_20160801.0000_20160801.2300.nc,1,initial_data
write,1,5182.168907287482,120.57738971710205,24,24,0.458312648,[8],8,3,263.0898148748058,pfs,24398,run_idfeature,26306-dc117,track_20160801_131500.nc,1,
write,1,5182.168907287482,120.57738971710205,24,24,0.458312648,[8],8,3,263.0898148748058,pfs,24398,run_idfeature,26306-dc117,track_20160801_211500.nc,1,
read,1,5322.8515817303305,167.0447130203247,24,24,3.322747051,[8],8,3,50.27307539707292,pfs,32907,run_idfeature,26307-dc117,cloudid_20160801_003000.nc,1,initial_data
read,1,5322.8515817303305,167.0447130203247,24,24,3.322747051,[8],8,3,50.27307539707292,pfs,32907,run_idfeature,26307-dc117,cloudid_20160801_091500.nc,1,initial_data
read,1,5322.8515817303305,167.0447130203247,24,24,3.322747051,[8],8,3,50.27307539707292,pfs,32907,run_idfeature,26307-dc117,cloudid_20160801_101500.nc,1,initial_data
read,1,5322.8515817303305,167.0447130203247,24,24,3.322747051,[8],8,3,50.27307539707292,pfs,32907,run_idfeature,26307-dc117,cloudid_20160801_111500.nc,1,initial_data
read,1,5322.8515817303305,167.0447130203247,24,24,3.322747051,[8],8,3,50.27307539707292,pfs,32907,run_idfeature,26307-dc117,cloudid_20160801_121500.nc,1,initial_data
read,1,5322.8515817303305,167.0447130203247,24,24,3.322747051,[8],8,3,50.27307539707292,pfs,32907,run_idfeature,26307-dc117,cloudid_20160801_131500.nc,1,initial_data
write,1,5569.251397477121,107.36695957183838,24,24,0.415661385,[8],8,3,258.3039066085929,pfs,20215,run_idfeature,26307-dc117,cloudid_20160801_141500.nc,1,
read,1,5322.8515817303305,167.0447130203247,24,24,3.322747051,[8],8,3,50.27307539707292,pfs,32907,run_idfeature,26307-dc117,cloudid_20160801_161500.nc,1,initial_data
read,1,5322.8515817303305,167.0447130203247,24,24,3.322747051,[8],8,3,50.27307539707292,pfs,32907,run_idfeature,26307-dc117,cloudid_20160801_171500.nc,1,initial_data
read,1,5322.8515817303305,167.0447130203247,24,24,3.322747051,[8],8,3,50.27307539707292,pfs,32907,run_idfeature,26307-dc117,cloudid_20160801_181500.nc,1,initial_data
write,1,5569.251397477121,107.36695957183838,24,24,0.415661385,[8],8,3,258.3039066085929,pfs,20215,run_idfeature,26307-dc117,cloudid_20160801_221500.nc,1,
read,1,5322.8515817303305,167.0447130203247,24,24,3.322747051,[8],8,3,50.27307539707292,pfs,32907,run_idfeature,26307-dc117,IMERG_landmask_180W-180E_60S-60N.nc,1,initial_data
write,1,5569.251397477121,107.36695957183838,24,24,0.415661385,[8],8,3,258.3039066085929,pfs,20215,run_idfeature,26307-dc117,mcstrack_20160801_091500.nc,1,final_data
read,1,5322.8515817303305,167.0447130203247,24,24,3.322747051,[8],8,3,50.27307539707292,pfs,32907,run_idfeature,26307-dc117,mcstrack_20160801_111500.nc,1,initial_data
read,1,5322.8515817303305,167.0447130203247,24,24,3.322747051,[8],8,3,50.27307539707292,pfs,32907,run_idfeature,26307-dc117,mcstrack_20160801_121500.nc,1,initial_data
read,1,5322.8515817303305,167.0447130203247,24,24,3.322747051,[8],8,3,50.27307539707292,pfs,32907,run_idfeature,26307-dc117,pr_rlut_mean_sam_2016080114.nc,1,initial_data
read,1,5322.8515817303305,167.0447130203247,24,24,3.322747051,[8],8,3,50.27307539707292,pfs,32907,run_idfeature,26307-dc117,pr_rlut_mean_sam_2016080122.nc,1,initial_data
read,1,5322.8515817303305,167.0447130203247,24,24,3.322747051,[8],8,3,50.27307539707292,pfs,32907,run_idfeature,26307-dc117,tracknumbers_20160801.0000_20160801.2300.nc,1,initial_data
write,1,5569.251397477121,107.36695957183838,24,24,0.415661385,[8],8,3,258.3039066085929,pfs,20215,run_idfeature,26307-dc117,track_20160801_111500.nc,1,
write,1,5569.251397477121,107.36695957183838,24,24,0.415661385,[8],8,3,258.3039066085929,pfs,20215,run_idfeature,26307-dc117,track_20160801_171500.nc,1,
read,1,4599.237621431934,204.98349285125732,24,24,4.942342033,[8],8,3,41.474971072941386,pfs,46734,run_idfeature,4171-dc122,cloudid_20160801_003000.nc,1,initial_data
read,1,4599.237621431934,204.98349285125732,24,24,4.942342033,[8],8,3,41.474971072941386,pfs,46734,run_idfeature,4171-dc122,cloudid_20160801_041500.nc,1,initial_data
read,1,4599.237621431934,204.98349285125732,24,24,4.942342033,[8],8,3,41.474971072941386,pfs,46734,run_idfeature,4171-dc122,cloudid_20160801_051500.nc,1,initial_data
write,1,4737.010388208709,133.94128894805908,24,24,0.496943635,[8],8,3,269.5301428864444,pfs,29649,run_idfeature,4171-dc122,cloudid_20160801_051500.nc,1,
read,1,4599.237621431934,204.98349285125732,24,24,4.942342033,[8],8,3,41.474971072941386,pfs,46734,run_idfeature,4171-dc122,cloudid_20160801_061500.nc,1,initial_data
read,1,4599.237621431934,204.98349285125732,24,24,4.942342033,[8],8,3,41.474971072941386,pfs,46734,run_idfeature,4171-dc122,cloudid_20160801_081500.nc,1,initial_data
read,1,4599.237621431934,204.98349285125732,24,24,4.942342033,[8],8,3,41.474971072941386,pfs,46734,run_idfeature,4171-dc122,cloudid_20160801_091500.nc,1,initial_data
read,1,4599.237621431934,204.98349285125732,24,24,4.942342033,[8],8,3,41.474971072941386,pfs,46734,run_idfeature,4171-dc122,cloudid_20160801_101500.nc,1,initial_data
read,1,4599.237621431934,204.98349285125732,24,24,4.942342033,[8],8,3,41.474971072941386,pfs,46734,run_idfeature,4171-dc122,cloudid_20160801_121500.nc,1,initial_data
read,1,4599.237621431934,204.98349285125732,24,24,4.942342033,[8],8,3,41.474971072941386,pfs,46734,run_idfeature,4171-dc122,cloudid_20160801_131500.nc,1,initial_data
write,1,4737.010388208709,133.94128894805908,24,24,0.496943635,[8],8,3,269.5301428864444,pfs,29649,run_idfeature,4171-dc122,cloudid_20160801_131500.nc,1,
read,1,4599.237621431934,204.98349285125732,24,24,4.942342033,[8],8,3,41.474971072941386,pfs,46734,run_idfeature,4171-dc122,cloudid_20160801_141500.nc,1,initial_data
read,1,4599.237621431934,204.98349285125732,24,24,4.942342033,[8],8,3,41.474971072941386,pfs,46734,run_idfeature,4171-dc122,cloudid_20160801_161500.nc,1,initial_data
read,1,4599.237621431934,204.98349285125732,24,24,4.942342033,[8],8,3,41.474971072941386,pfs,46734,run_idfeature,4171-dc122,cloudid_20160801_201500.nc,1,initial_data
read,1,4599.237621431934,204.98349285125732,24,24,4.942342033,[8],8,3,41.474971072941386,pfs,46734,run_idfeature,4171-dc122,IMERG_landmask_180W-180E_60S-60N.nc,1,initial_data
write,1,4737.010388208709,133.94128894805908,24,24,0.496943635,[8],8,3,269.5301428864444,pfs,29649,run_idfeature,4171-dc122,mcstrack_20160801_003000.nc,1,final_data
read,1,4599.237621431934,204.98349285125732,24,24,4.942342033,[8],8,3,41.474971072941386,pfs,46734,run_idfeature,4171-dc122,mcstrack_20160801_011500.nc,1,initial_data
read,1,4599.237621431934,204.98349285125732,24,24,4.942342033,[8],8,3,41.474971072941386,pfs,46734,run_idfeature,4171-dc122,mcstrack_20160801_021500.nc,1,initial_data
write,1,4737.010388208709,133.94128894805908,24,24,0.496943635,[8],8,3,269.5301428864444,pfs,29649,run_idfeature,4171-dc122,mcstrack_20160801_041500.nc,1,final_data
read,1,4599.237621431934,204.98349285125732,24,24,4.942342033,[8],8,3,41.474971072941386,pfs,46734,run_idfeature,4171-dc122,mcstrack_20160801_191500.nc,1,initial_data
read,1,4599.237621431934,204.98349285125732,24,24,4.942342033,[8],8,3,41.474971072941386,pfs,46734,run_idfeature,4171-dc122,mcstrack_20160801_201500.nc,1,initial_data
read,1,4599.237621431934,204.98349285125732,24,24,4.942342033,[8],8,3,41.474971072941386,pfs,46734,run_idfeature,4171-dc122,pr_rlut_mean_sam_2016080105.nc,1,initial_data
read,1,4599.237621431934,204.98349285125732,24,24,4.942342033,[8],8,3,41.474971072941386,pfs,46734,run_idfeature,4171-dc122,pr_rlut_mean_sam_2016080113.nc,1,initial_data
read,1,4599.237621431934,204.98349285125732,24,24,4.942342033,[8],8,3,41.474971072941386,pfs,46734,run_idfeature,4171-dc122,tracknumbers_20160801.0000_20160801.2300.nc,1,initial_data
write,1,4737.010388208709,133.94128894805908,24,24,0.496943635,[8],8,3,269.5301428864444,pfs,29649,run_idfeature,4171-dc122,track_20160801_051500.nc,1,
write,1,4737.010388208709,133.94128894805908,24,24,0.496943635,[8],8,3,269.5301428864444,pfs,29649,run_idfeature,4171-dc122,track_20160801_101500.nc,1,
write,1,5244.326984912194,101.10289573669434,24,24,0.343236411,[8],8,3,294.557606642421,pfs,20215,run_idfeature,4172-dc122,cloudid_20160801_003000.nc,1,
read,1,5700.186965572458,169.74290657043457,24,24,3.045124495,[8],8,3,55.74251786721599,pfs,31225,run_idfeature,4172-dc122,cloudid_20160801_011500.nc,1,initial_data
read,1,5700.186965572458,169.74290657043457,24,24,3.045124495,[8],8,3,55.74251786721599,pfs,31225,run_idfeature,4172-dc122,cloudid_20160801_021500.nc,1,initial_data
read,1,5700.186965572458,169.74290657043457,24,24,3.045124495,[8],8,3,55.74251786721599,pfs,31225,run_idfeature,4172-dc122,cloudid_20160801_031500.nc,1,initial_data
read,1,5700.186965572458,169.74290657043457,24,24,3.045124495,[8],8,3,55.74251786721599,pfs,31225,run_idfeature,4172-dc122,cloudid_20160801_051500.nc,1,initial_data
read,1,5700.186965572458,169.74290657043457,24,24,3.045124495,[8],8,3,55.74251786721599,pfs,31225,run_idfeature,4172-dc122,cloudid_20160801_121500.nc,1,initial_data
read,1,5700.186965572458,169.74290657043457,24,24,3.045124495,[8],8,3,55.74251786721599,pfs,31225,run_idfeature,4172-dc122,cloudid_20160801_141500.nc,1,initial_data
read,1,5700.186965572458,169.74290657043457,24,24,3.045124495,[8],8,3,55.74251786721599,pfs,31225,run_idfeature,4172-dc122,cloudid_20160801_151500.nc,1,initial_data
read,1,5700.186965572458,169.74290657043457,24,24,3.045124495,[8],8,3,55.74251786721599,pfs,31225,run_idfeature,4172-dc122,cloudid_20160801_171500.nc,1,initial_data
write,1,5244.326984912194,101.10289573669434,24,24,0.343236411,[8],8,3,294.557606642421,pfs,20215,run_idfeature,4172-dc122,cloudid_20160801_181500.nc,1,
read,1,5700.186965572458,169.74290657043457,24,24,3.045124495,[8],8,3,55.74251786721599,pfs,31225,run_idfeature,4172-dc122,cloudid_20160801_201500.nc,1,initial_data
read,1,5700.186965572458,169.74290657043457,24,24,3.045124495,[8],8,3,55.74251786721599,pfs,31225,run_idfeature,4172-dc122,IMERG_landmask_180W-180E_60S-60N.nc,1,initial_data
read,1,5700.186965572458,169.74290657043457,24,24,3.045124495,[8],8,3,55.74251786721599,pfs,31225,run_idfeature,4172-dc122,mcstrack_20160801_101500.nc,1,initial_data
read,1,5700.186965572458,169.74290657043457,24,24,3.045124495,[8],8,3,55.74251786721599,pfs,31225,run_idfeature,4172-dc122,mcstrack_20160801_111500.nc,1,initial_data
write,1,5244.326984912194,101.10289573669434,24,24,0.343236411,[8],8,3,294.557606642421,pfs,20215,run_idfeature,4172-dc122,mcstrack_20160801_171500.nc,1,final_data
read,1,5700.186965572458,169.74290657043457,24,24,3.045124495,[8],8,3,55.74251786721599,pfs,31225,run_idfeature,4172-dc122,pr_rlut_mean_sam_2016080100.nc,1,initial_data
read,1,5700.186965572458,169.74290657043457,24,24,3.045124495,[8],8,3,55.74251786721599,pfs,31225,run_idfeature,4172-dc122,pr_rlut_mean_sam_2016080118.nc,1,initial_data
read,1,5700.186965572458,169.74290657043457,24,24,3.045124495,[8],8,3,55.74251786721599,pfs,31225,run_idfeature,4172-dc122,tracknumbers_20160801.0000_20160801.2300.nc,1,initial_data
write,1,5244.326984912194,101.10289573669434,24,24,0.343236411,[8],8,3,294.557606642421,pfs,20215,run_idfeature,4172-dc122,track_20160801_021500.nc,1,
write,1,5244.326984912194,101.10289573669434,24,24,0.343236411,[8],8,3,294.557606642421,pfs,20215,run_idfeature,4172-dc122,track_20160801_151500.nc,1,
read,1,5288.050230323334,228.8094778060913,24,24,5.029337899,[8],8,3,45.4949503097786,pfs,45371,run_idfeature,4173-dc122,cloudid_20160801_011500.nc,1,initial_data
read,1,5288.050230323334,228.8094778060913,24,24,5.029337899,[8],8,3,45.4949503097786,pfs,45371,run_idfeature,4173-dc122,cloudid_20160801_021500.nc,1,initial_data
read,1,5288.050230323334,228.8094778060913,24,24,5.029337899,[8],8,3,45.4949503097786,pfs,45371,run_idfeature,4173-dc122,cloudid_20160801_031500.nc,1,initial_data
read,1,5288.050230323334,228.8094778060913,24,24,5.029337899,[8],8,3,45.4949503097786,pfs,45371,run_idfeature,4173-dc122,cloudid_20160801_041500.nc,1,initial_data
write,1,5346.746896923907,151.17678833007812,24,24,0.47595461,[8],8,3,317.62858296524985,pfs,29648,run_idfeature,4173-dc122,cloudid_20160801_041500.nc,1,
read,1,5288.050230323334,228.8094778060913,24,24,5.029337899,[8],8,3,45.4949503097786,pfs,45371,run_idfeature,4173-dc122,cloudid_20160801_051500.nc,1,initial_data
read,1,5288.050230323334,228.8094778060913,24,24,5.029337899,[8],8,3,45.4949503097786,pfs,45371,run_idfeature,4173-dc122,cloudid_20160801_061500.nc,1,initial_data
write,1,5346.746896923907,151.17678833007812,24,24,0.47595461,[8],8,3,317.62858296524985,pfs,29648,run_idfeature,4173-dc122,cloudid_20160801_121500.nc,1,
read,1,5288.050230323334,228.8094778060913,24,24,5.029337899,[8],8,3,45.4949503097786,pfs,45371,run_idfeature,4173-dc122,cloudid_20160801_131500.nc,1,initial_data
read,1,5288.050230323334,228.8094778060913,24,24,5.029337899,[8],8,3,45.4949503097786,pfs,45371,run_idfeature,4173-dc122,cloudid_20160801_141500.nc,1,initial_data
read,1,5288.050230323334,228.8094778060913,24,24,5.029337899,[8],8,3,45.4949503097786,pfs,45371,run_idfeature,4173-dc122,cloudid_20160801_151500.nc,1,initial_data
read,1,5288.050230323334,228.8094778060913,24,24,5.029337899,[8],8,3,45.4949503097786,pfs,45371,run_idfeature,4173-dc122,cloudid_20160801_191500.nc,1,initial_data
read,1,5288.050230323334,228.8094778060913,24,24,5.029337899,[8],8,3,45.4949503097786,pfs,45371,run_idfeature,4173-dc122,cloudid_20160801_221500.nc,1,initial_data
read,1,5288.050230323334,228.8094778060913,24,24,5.029337899,[8],8,3,45.4949503097786,pfs,45371,run_idfeature,4173-dc122,IMERG_landmask_180W-180E_60S-60N.nc,1,initial_data
write,1,5346.746896923907,151.17678833007812,24,24,0.47595461,[8],8,3,317.62858296524985,pfs,29648,run_idfeature,4173-dc122,mcstrack_20160801_141500.nc,1,final_data
read,1,5288.050230323334,228.8094778060913,24,24,5.029337899,[8],8,3,45.4949503097786,pfs,45371,run_idfeature,4173-dc122,mcstrack_20160801_181500.nc,1,initial_data
read,1,5288.050230323334,228.8094778060913,24,24,5.029337899,[8],8,3,45.4949503097786,pfs,45371,run_idfeature,4173-dc122,mcstrack_20160801_191500.nc,1,initial_data
write,1,5346.746896923907,151.17678833007812,24,24,0.47595461,[8],8,3,317.62858296524985,pfs,29648,run_idfeature,4173-dc122,mcstrack_20160801_191500.nc,1,final_data
read,1,5288.050230323334,228.8094778060913,24,24,5.029337899,[8],8,3,45.4949503097786,pfs,45371,run_idfeature,4173-dc122,mcstrack_20160801_211500.nc,1,initial_data
read,1,5288.050230323334,228.8094778060913,24,24,5.029337899,[8],8,3,45.4949503097786,pfs,45371,run_idfeature,4173-dc122,mcstrack_20160801_221500.nc,1,initial_data
read,1,5288.050230323334,228.8094778060913,24,24,5.029337899,[8],8,3,45.4949503097786,pfs,45371,run_idfeature,4173-dc122,pr_rlut_mean_sam_2016080104.nc,1,initial_data
read,1,5288.050230323334,228.8094778060913,24,24,5.029337899,[8],8,3,45.4949503097786,pfs,45371,run_idfeature,4173-dc122,pr_rlut_mean_sam_2016080112.nc,1,initial_data
read,1,5288.050230323334,228.8094778060913,24,24,5.029337899,[8],8,3,45.4949503097786,pfs,45371,run_idfeature,4173-dc122,tracknumbers_20160801.0000_20160801.2300.nc,1,initial_data
write,1,5346.746896923907,151.17678833007812,24,24,0.47595461,[8],8,3,317.62858296524985,pfs,29648,run_idfeature,4173-dc122,track_20160801_041500.nc,1,
write,1,5346.746896923907,151.17678833007812,24,24,0.47595461,[8],8,3,317.62858296524985,pfs,29648,run_idfeature,4173-dc122,track_20160801_141500.nc,1,
read,1,314.32939508506615,8.246014595031738,24,24,1.408702329,[8],8,3,5.853624591424763,pfs,27508,run_tracksingle,51484-dc113,cloudid_20160801_003000.nc,2,run_idfeature
read,1,314.32939508506615,8.246014595031738,24,24,1.408702329,[8],8,3,5.853624591424763,pfs,27508,run_tracksingle,51484-dc113,cloudid_20160801_011500.nc,2,run_idfeature
read,1,314.32939508506615,8.246014595031738,24,24,1.408702329,[8],8,3,5.853624591424763,pfs,27508,run_tracksingle,51484-dc113,cloudid_20160801_021500.nc,2,run_idfeature
read,1,314.32939508506615,8.246014595031738,24,24,1.408702329,[8],8,3,5.853624591424763,pfs,27508,run_tracksingle,51484-dc113,cloudid_20160801_031500.nc,2,run_idfeature
read,1,314.32939508506615,8.246014595031738,24,24,1.408702329,[8],8,3,5.853624591424763,pfs,27508,run_tracksingle,51484-dc113,cloudid_20160801_041500.nc,2,run_idfeature
read,1,314.32939508506615,8.246014595031738,24,24,1.408702329,[8],8,3,5.853624591424763,pfs,27508,run_tracksingle,51484-dc113,cloudid_20160801_051500.nc,2,run_idfeature
read,1,314.32939508506615,8.246014595031738,24,24,1.408702329,[8],8,3,5.853624591424763,pfs,27508,run_tracksingle,51484-dc113,cloudid_20160801_061500.nc,2,run_idfeature
read,1,314.32939508506615,8.246014595031738,24,24,1.408702329,[8],8,3,5.853624591424763,pfs,27508,run_tracksingle,51484-dc113,cloudid_20160801_071500.nc,2,run_idfeature
read,1,314.32939508506615,8.246014595031738,24,24,1.408702329,[8],8,3,5.853624591424763,pfs,27508,run_tracksingle,51484-dc113,cloudid_20160801_081500.nc,2,run_idfeature
read,1,314.32939508506615,8.246014595031738,24,24,1.408702329,[8],8,3,5.853624591424763,pfs,27508,run_tracksingle,51484-dc113,cloudid_20160801_091500.nc,2,run_idfeature
read,1,314.32939508506615,8.246014595031738,24,24,1.408702329,[8],8,3,5.853624591424763,pfs,27508,run_tracksingle,51484-dc113,cloudid_20160801_101500.nc,2,run_idfeature
read,1,314.32939508506615,8.246014595031738,24,24,1.408702329,[8],8,3,5.853624591424763,pfs,27508,run_tracksingle,51484-dc113,cloudid_20160801_111500.nc,2,run_idfeature
read,1,314.32939508506615,8.246014595031738,24,24,1.408702329,[8],8,3,5.853624591424763,pfs,27508,run_tracksingle,51484-dc113,cloudid_20160801_121500.nc,2,run_idfeature
read,1,314.32939508506615,8.246014595031738,24,24,1.408702329,[8],8,3,5.853624591424763,pfs,27508,run_tracksingle,51484-dc113,cloudid_20160801_131500.nc,2,run_idfeature
read,1,314.32939508506615,8.246014595031738,24,24,1.408702329,[8],8,3,5.853624591424763,pfs,27508,run_tracksingle,51484-dc113,cloudid_20160801_141500.nc,2,run_idfeature
read,1,314.32939508506615,8.246014595031738,24,24,1.408702329,[8],8,3,5.853624591424763,pfs,27508,run_tracksingle,51484-dc113,cloudid_20160801_151500.nc,2,run_idfeature
read,1,314.32939508506615,8.246014595031738,24,24,1.408702329,[8],8,3,5.853624591424763,pfs,27508,run_tracksingle,51484-dc113,cloudid_20160801_161500.nc,2,run_idfeature
read,1,314.32939508506615,8.246014595031738,24,24,1.408702329,[8],8,3,5.853624591424763,pfs,27508,run_tracksingle,51484-dc113,cloudid_20160801_171500.nc,2,run_idfeature
read,1,314.32939508506615,8.246014595031738,24,24,1.408702329,[8],8,3,5.853624591424763,pfs,27508,run_tracksingle,51484-dc113,cloudid_20160801_181500.nc,2,run_idfeature
read,1,314.32939508506615,8.246014595031738,24,24,1.408702329,[8],8,3,5.853624591424763,pfs,27508,run_tracksingle,51484-dc113,cloudid_20160801_191500.nc,2,run_idfeature
read,1,314.32939508506615,8.246014595031738,24,24,1.408702329,[8],8,3,5.853624591424763,pfs,27508,run_tracksingle,51484-dc113,cloudid_20160801_201500.nc,2,run_idfeature
read,1,314.32939508506615,8.246014595031738,24,24,1.408702329,[8],8,3,5.853624591424763,pfs,27508,run_tracksingle,51484-dc113,cloudid_20160801_211500.nc,2,run_idfeature
read,1,314.32939508506615,8.246014595031738,24,24,1.408702329,[8],8,3,5.853624591424763,pfs,27508,run_tracksingle,51484-dc113,cloudid_20160801_221500.nc,2,run_idfeature
read,1,314.32939508506615,8.246014595031738,24,24,1.408702329,[8],8,3,5.853624591424763,pfs,27508,run_tracksingle,51484-dc113,mcs_tracks_20160801.0000_20160801.2300.nc,2,initial_data
write,1,6620.680088957779,187.37976360321045,24,24,0.733782534,[8],8,3,255.3614387382113,pfs,29677,run_tracksingle,51484-dc113,mcs_tracks_20160801.0000_20160801.2300.nc,2,final_data
write,1,6620.680088957779,187.37976360321045,24,24,0.733782534,[8],8,3,255.3614387382113,pfs,29677,run_tracksingle,51484-dc113,mcs_tracks_final_20160801.0000_20160801.2300.nc,2,final_data
read,1,314.32939508506615,8.246014595031738,24,24,1.408702329,[8],8,3,5.853624591424763,pfs,27508,run_tracksingle,51484-dc113,mcs_tracks_pf_20160801.0000_20160801.2300.nc,2,initial_data
write,1,6620.680088957779,187.37976360321045,24,24,0.733782534,[8],8,3,255.3614387382113,pfs,29677,run_tracksingle,51484-dc113,mcs_tracks_pf_20160801.0000_20160801.2300.nc,2,final_data
read,1,314.32939508506615,8.246014595031738,24,24,1.408702329,[8],8,3,5.853624591424763,pfs,27508,run_tracksingle,51484-dc113,mcs_tracks_robust_20160801.0000_20160801.2300.nc,2,initial_data
write,1,6620.680088957779,187.37976360321045,24,24,0.733782534,[8],8,3,255.3614387382113,pfs,29677,run_tracksingle,51484-dc113,mcs_tracks_robust_20160801.0000_20160801.2300.nc,2,final_data
read,1,314.32939508506615,8.246014595031738,24,24,1.408702329,[8],8,3,5.853624591424763,pfs,27508,run_tracksingle,51484-dc113,tracknumbers_20160801.0000_20160801.2300.nc,2,initial_data
write,1,6620.680088957779,187.37976360321045,24,24,0.733782534,[8],8,3,255.3614387382113,pfs,29677,run_tracksingle,51484-dc113,tracknumbers_20160801.0000_20160801.2300.nc,2,final_data
write,1,6620.680088957779,187.37976360321045,24,24,0.733782534,[8],8,3,255.3614387382113,pfs,29677,run_tracksingle,51484-dc113,trackstats_20160801.0000_20160801.2300.nc,2,final_data
read,1,314.32939508506615,8.246014595031738,24,24,1.408702329,[8],8,3,5.853624591424763,pfs,27508,run_tracksingle,51484-dc113,trackstats_sparse_20160801.0000_20160801.2300.nc,2,initial_data
write,1,6620.680088957779,187.37976360321045,24,24,0.733782534,[8],8,3,255.3614387382113,pfs,29677,run_tracksingle,51484-dc113,trackstats_sparse_20160801.0000_20160801.2300.nc,2,final_data
read,1,314.32939508506615,8.246014595031738,24,24,1.408702329,[8],8,3,5.853624591424763,pfs,27508,run_tracksingle,51484-dc113,track_20160801_011500.nc,2,initial_data
write,1,6620.680088957779,187.37976360321045,24,24,0.733782534,[8],8,3,255.3614387382113,pfs,29677,run_tracksingle,51484-dc113,track_20160801_011500.nc,2,final_data
read,1,314.32939508506615,8.246014595031738,24,24,1.408702329,[8],8,3,5.853624591424763,pfs,27508,run_tracksingle,51484-dc113,track_20160801_021500.nc,2,initial_data
read,1,314.32939508506615,8.246014595031738,24,24,1.408702329,[8],8,3,5.853624591424763,pfs,27508,run_tracksingle,51484-dc113,track_20160801_031500.nc,2,initial_data
read,1,314.32939508506615,8.246014595031738,24,24,1.408702329,[8],8,3,5.853624591424763,pfs,27508,run_tracksingle,51484-dc113,track_20160801_041500.nc,2,initial_data
read,1,314.32939508506615,8.246014595031738,24,24,1.408702329,[8],8,3,5.853624591424763,pfs,27508,run_tracksingle,51484-dc113,track_20160801_051500.nc,2,initial_data
read,1,314.32939508506615,8.246014595031738,24,24,1.408702329,[8],8,3,5.853624591424763,pfs,27508,run_tracksingle,51484-dc113,track_20160801_061500.nc,2,initial_data
read,1,314.32939508506615,8.246014595031738,24,24,1.408702329,[8],8,3,5.853624591424763,pfs,27508,run_tracksingle,51484-dc113,track_20160801_071500.nc,2,initial_data
read,1,314.32939508506615,8.246014595031738,24,24,1.408702329,[8],8,3,5.853624591424763,pfs,27508,run_tracksingle,51484-dc113,track_20160801_081500.nc,2,initial_data
read,1,314.32939508506615,8.246014595031738,24,24,1.408702329,[8],8,3,5.853624591424763,pfs,27508,run_tracksingle,51484-dc113,track_20160801_091500.nc,2,initial_data
read,1,314.32939508506615,8.246014595031738,24,24,1.408702329,[8],8,3,5.853624591424763,pfs,27508,run_tracksingle,51484-dc113,track_20160801_101500.nc,2,initial_data
read,1,314.32939508506615,8.246014595031738,24,24,1.408702329,[8],8,3,5.853624591424763,pfs,27508,run_tracksingle,51484-dc113,track_20160801_111500.nc,2,initial_data
read,1,314.32939508506615,8.246014595031738,24,24,1.408702329,[8],8,3,5.853624591424763,pfs,27508,run_tracksingle,51484-dc113,track_20160801_121500.nc,2,initial_data
read,1,314.32939508506615,8.246014595031738,24,24,1.408702329,[8],8,3,5.853624591424763,pfs,27508,run_tracksingle,51484-dc113,track_20160801_131500.nc,2,initial_data
read,1,314.32939508506615,8.246014595031738,24,24,1.408702329,[8],8,3,5.853624591424763,pfs,27508,run_tracksingle,51484-dc113,track_20160801_141500.nc,2,initial_data
read,1,314.32939508506615,8.246014595031738,24,24,1.408702329,[8],8,3,5.853624591424763,pfs,27508,run_tracksingle,51484-dc113,track_20160801_151500.nc,2,initial_data
read,1,314.32939508506615,8.246014595031738,24,24,1.408702329,[8],8,3,5.853624591424763,pfs,27508,run_tracksingle,51484-dc113,track_20160801_161500.nc,2,initial_data
read,1,314.32939508506615,8.246014595031738,24,24,1.408702329,[8],8,3,5.853624591424763,pfs,27508,run_tracksingle,51484-dc113,track_20160801_171500.nc,2,initial_data
read,1,314.32939508506615,8.246014595031738,24,24,1.408702329,[8],8,3,5.853624591424763,pfs,27508,run_tracksingle,51484-dc113,track_20160801_181500.nc,2,initial_data
read,1,314.32939508506615,8.246014595031738,24,24,1.408702329,[8],8,3,5.853624591424763,pfs,27508,run_tracksingle,51484-dc113,track_20160801_191500.nc,2,initial_data
read,1,314.32939508506615,8.246014595031738,24,24,1.408702329,[8],8,3,5.853624591424763,pfs,27508,run_tracksingle,51484-dc113,track_20160801_201500.nc,2,initial_data
read,1,314.32939508506615,8.246014595031738,24,24,1.408702329,[8],8,3,5.853624591424763,pfs,27508,run_tracksingle,51484-dc113,track_20160801_211500.nc,2,initial_data
read,1,314.32939508506615,8.246014595031738,24,24,1.408702329,[8],8,3,5.853624591424763,pfs,27508,run_tracksingle,51484-dc113,track_20160801_221500.nc,2,initial_data
read,1,4942.808103756314,213.71087169647217,24,24,4.216300767,[8],8,3,50.68681849481355,pfs,45337,run_idfeature,51485-dc113,cloudid_20160801_011500.nc,1,initial_data
read,1,4942.808103756314,213.71087169647217,24,24,4.216300767,[8],8,3,50.68681849481355,pfs,45337,run_idfeature,51485-dc113,cloudid_20160801_061500.nc,1,initial_data
read,1,4942.808103756314,213.71087169647217,24,24,4.216300767,[8],8,3,50.68681849481355,pfs,45337,run_idfeature,51485-dc113,cloudid_20160801_081500.nc,1,initial_data
read,1,4942.808103756314,213.71087169647217,24,24,4.216300767,[8],8,3,50.68681849481355,pfs,45337,run_idfeature,51485-dc113,cloudid_20160801_091500.nc,1,initial_data
read,1,4942.808103756314,213.71087169647217,24,24,4.216300767,[8],8,3,50.68681849481355,pfs,45337,run_idfeature,51485-dc113,cloudid_20160801_101500.nc,1,initial_data
read,1,4942.808103756314,213.71087169647217,24,24,4.216300767,[8],8,3,50.68681849481355,pfs,45337,run_idfeature,51485-dc113,cloudid_20160801_121500.nc,1,initial_data
read,1,4942.808103756314,213.71087169647217,24,24,4.216300767,[8],8,3,50.68681849481355,pfs,45337,run_idfeature,51485-dc113,cloudid_20160801_171500.nc,1,initial_data
read,1,4942.808103756314,213.71087169647217,24,24,4.216300767,[8],8,3,50.68681849481355,pfs,45337,run_idfeature,51485-dc113,cloudid_20160801_181500.nc,1,initial_data
read,1,4942.808103756314,213.71087169647217,24,24,4.216300767,[8],8,3,50.68681849481355,pfs,45337,run_idfeature,51485-dc113,cloudid_20160801_191500.nc,1,initial_data
write,1,4933.777927684835,139.50028228759766,24,24,0.554616947,[8],8,3,251.52545922401765,pfs,29648,run_idfeature,51485-dc113,cloudid_20160801_191500.nc,1,
read,1,4942.808103756314,213.71087169647217,24,24,4.216300767,[8],8,3,50.68681849481355,pfs,45337,run_idfeature,51485-dc113,cloudid_20160801_211500.nc,1,initial_data
read,1,4942.808103756314,213.71087169647217,24,24,4.216300767,[8],8,3,50.68681849481355,pfs,45337,run_idfeature,51485-dc113,cloudid_20160801_221500.nc,1,initial_data
write,1,4933.777927684835,139.50028228759766,24,24,0.554616947,[8],8,3,251.52545922401765,pfs,29648,run_idfeature,51485-dc113,cloudid_20160801_231500.nc,1,final_data
read,1,4942.808103756314,213.71087169647217,24,24,4.216300767,[8],8,3,50.68681849481355,pfs,45337,run_idfeature,51485-dc113,IMERG_landmask_180W-180E_60S-60N.nc,1,initial_data
write,1,4933.777927684835,139.50028228759766,24,24,0.554616947,[8],8,3,251.52545922401765,pfs,29648,run_idfeature,51485-dc113,mcstrack_20160801_011500.nc,1,final_data
read,1,4942.808103756314,213.71087169647217,24,24,4.216300767,[8],8,3,50.68681849481355,pfs,45337,run_idfeature,51485-dc113,mcstrack_20160801_131500.nc,1,initial_data
read,1,4942.808103756314,213.71087169647217,24,24,4.216300767,[8],8,3,50.68681849481355,pfs,45337,run_idfeature,51485-dc113,mcstrack_20160801_141500.nc,1,initial_data
read,1,4942.808103756314,213.71087169647217,24,24,4.216300767,[8],8,3,50.68681849481355,pfs,45337,run_idfeature,51485-dc113,mcstrack_20160801_171500.nc,1,initial_data
read,1,4942.808103756314,213.71087169647217,24,24,4.216300767,[8],8,3,50.68681849481355,pfs,45337,run_idfeature,51485-dc113,mcstrack_20160801_181500.nc,1,initial_data
write,1,4933.777927684835,139.50028228759766,24,24,0.554616947,[8],8,3,251.52545922401765,pfs,29648,run_idfeature,51485-dc113,mcstrack_20160801_181500.nc,1,final_data
read,1,4942.808103756314,213.71087169647217,24,24,4.216300767,[8],8,3,50.68681849481355,pfs,45337,run_idfeature,51485-dc113,pr_rlut_mean_sam_2016080119.nc,1,initial_data
read,1,4942.808103756314,213.71087169647217,24,24,4.216300767,[8],8,3,50.68681849481355,pfs,45337,run_idfeature,51485-dc113,pr_rlut_mean_sam_2016080123.nc,1,initial_data
read,1,4942.808103756314,213.71087169647217,24,24,4.216300767,[8],8,3,50.68681849481355,pfs,45337,run_idfeature,51485-dc113,tracknumbers_20160801.0000_20160801.2300.nc,1,initial_data
write,1,4933.777927684835,139.50028228759766,24,24,0.554616947,[8],8,3,251.52545922401765,pfs,29648,run_idfeature,51485-dc113,track_20160801_191500.nc,1,
write,1,4933.777927684835,139.50028228759766,24,24,0.554616947,[8],8,3,251.52545922401765,pfs,29648,run_idfeature,51485-dc113,track_20160801_221500.nc,1,
read,1,4363.048716043267,201.57197189331055,24,24,4.903229359,[8],8,3,41.1100434295043,pfs,48444,run_idfeature,9828-dc128,cloudid_20160801_003000.nc,1,initial_data
read,1,4363.048716043267,201.57197189331055,24,24,4.903229359,[8],8,3,41.1100434295043,pfs,48444,run_idfeature,9828-dc128,cloudid_20160801_011500.nc,1,initial_data
read,1,4363.048716043267,201.57197189331055,24,24,4.903229359,[8],8,3,41.1100434295043,pfs,48444,run_idfeature,9828-dc128,cloudid_20160801_021500.nc,1,initial_data
read,1,4363.048716043267,201.57197189331055,24,24,4.903229359,[8],8,3,41.1100434295043,pfs,48444,run_idfeature,9828-dc128,cloudid_20160801_031500.nc,1,initial_data
read,1,4363.048716043267,201.57197189331055,24,24,4.903229359,[8],8,3,41.1100434295043,pfs,48444,run_idfeature,9828-dc128,cloudid_20160801_041500.nc,1,initial_data
read,1,4363.048716043267,201.57197189331055,24,24,4.903229359,[8],8,3,41.1100434295043,pfs,48444,run_idfeature,9828-dc128,cloudid_20160801_051500.nc,1,initial_data
read,1,4363.048716043267,201.57197189331055,24,24,4.903229359,[8],8,3,41.1100434295043,pfs,48444,run_idfeature,9828-dc128,cloudid_20160801_061500.nc,1,initial_data
write,1,5147.249805130986,144.8439598083496,24,24,0.434469668,[8],8,3,333.3810631133624,pfs,29507,run_idfeature,9828-dc128,cloudid_20160801_071500.nc,1,
read,1,4363.048716043267,201.57197189331055,24,24,4.903229359,[8],8,3,41.1100434295043,pfs,48444,run_idfeature,9828-dc128,cloudid_20160801_081500.nc,1,initial_data
read,1,4363.048716043267,201.57197189331055,24,24,4.903229359,[8],8,3,41.1100434295043,pfs,48444,run_idfeature,9828-dc128,cloudid_20160801_091500.nc,1,initial_data
write,1,5147.249805130986,144.8439598083496,24,24,0.434469668,[8],8,3,333.3810631133624,pfs,29507,run_idfeature,9828-dc128,cloudid_20160801_091500.nc,1,
read,1,4363.048716043267,201.57197189331055,24,24,4.903229359,[8],8,3,41.1100434295043,pfs,48444,run_idfeature,9828-dc128,cloudid_20160801_101500.nc,1,initial_data
read,1,4363.048716043267,201.57197189331055,24,24,4.903229359,[8],8,3,41.1100434295043,pfs,48444,run_idfeature,9828-dc128,cloudid_20160801_111500.nc,1,initial_data
read,1,4363.048716043267,201.57197189331055,24,24,4.903229359,[8],8,3,41.1100434295043,pfs,48444,run_idfeature,9828-dc128,cloudid_20160801_131500.nc,1,initial_data
read,1,4363.048716043267,201.57197189331055,24,24,4.903229359,[8],8,3,41.1100434295043,pfs,48444,run_idfeature,9828-dc128,cloudid_20160801_141500.nc,1,initial_data
read,1,4363.048716043267,201.57197189331055,24,24,4.903229359,[8],8,3,41.1100434295043,pfs,48444,run_idfeature,9828-dc128,cloudid_20160801_151500.nc,1,initial_data
read,1,4363.048716043267,201.57197189331055,24,24,4.903229359,[8],8,3,41.1100434295043,pfs,48444,run_idfeature,9828-dc128,cloudid_20160801_171500.nc,1,initial_data
read,1,4363.048716043267,201.57197189331055,24,24,4.903229359,[8],8,3,41.1100434295043,pfs,48444,run_idfeature,9828-dc128,cloudid_20160801_181500.nc,1,initial_data
read,1,4363.048716043267,201.57197189331055,24,24,4.903229359,[8],8,3,41.1100434295043,pfs,48444,run_idfeature,9828-dc128,cloudid_20160801_191500.nc,1,initial_data
read,1,4363.048716043267,201.57197189331055,24,24,4.903229359,[8],8,3,41.1100434295043,pfs,48444,run_idfeature,9828-dc128,cloudid_20160801_211500.nc,1,initial_data
read,1,4363.048716043267,201.57197189331055,24,24,4.903229359,[8],8,3,41.1100434295043,pfs,48444,run_idfeature,9828-dc128,cloudid_20160801_221500.nc,1,initial_data
read,1,4363.048716043267,201.57197189331055,24,24,4.903229359,[8],8,3,41.1100434295043,pfs,48444,run_idfeature,9828-dc128,IMERG_landmask_180W-180E_60S-60N.nc,1,initial_data
read,1,4363.048716043267,201.57197189331055,24,24,4.903229359,[8],8,3,41.1100434295043,pfs,48444,run_idfeature,9828-dc128,mcstrack_20160801_003000.nc,1,initial_data
read,1,4363.048716043267,201.57197189331055,24,24,4.903229359,[8],8,3,41.1100434295043,pfs,48444,run_idfeature,9828-dc128,mcstrack_20160801_011500.nc,1,initial_data
write,1,5147.249805130986,144.8439598083496,24,24,0.434469668,[8],8,3,333.3810631133624,pfs,29507,run_idfeature,9828-dc128,mcstrack_20160801_051500.nc,1,final_data
write,1,5147.249805130986,144.8439598083496,24,24,0.434469668,[8],8,3,333.3810631133624,pfs,29507,run_idfeature,9828-dc128,mcstrack_20160801_061500.nc,1,final_data
read,1,4363.048716043267,201.57197189331055,24,24,4.903229359,[8],8,3,41.1100434295043,pfs,48444,run_idfeature,9828-dc128,mcstrack_20160801_141500.nc,1,initial_data
read,1,4363.048716043267,201.57197189331055,24,24,4.903229359,[8],8,3,41.1100434295043,pfs,48444,run_idfeature,9828-dc128,mcstrack_20160801_151500.nc,1,initial_data
read,1,4363.048716043267,201.57197189331055,24,24,4.903229359,[8],8,3,41.1100434295043,pfs,48444,run_idfeature,9828-dc128,pr_rlut_mean_sam_2016080107.nc,1,initial_data
read,1,4363.048716043267,201.57197189331055,24,24,4.903229359,[8],8,3,41.1100434295043,pfs,48444,run_idfeature,9828-dc128,pr_rlut_mean_sam_2016080109.nc,1,initial_data
read,1,4363.048716043267,201.57197189331055,24,24,4.903229359,[8],8,3,41.1100434295043,pfs,48444,run_idfeature,9828-dc128,tracknumbers_20160801.0000_20160801.2300.nc,1,initial_data
write,1,5147.249805130986,144.8439598083496,24,24,0.434469668,[8],8,3,333.3810631133624,pfs,29507,run_idfeature,9828-dc128,track_20160801_011500.nc,1,
read,1,4830.043289948114,209.51241397857666,24,24,4.840233662,[8],8,3,43.28559912787463,pfs,45484,run_idfeature,9829-dc128,cloudid_20160801_003000.nc,1,initial_data
read,1,4830.043289948114,209.51241397857666,24,24,4.840233662,[8],8,3,43.28559912787463,pfs,45484,run_idfeature,9829-dc128,cloudid_20160801_011500.nc,1,initial_data
read,1,4830.043289948114,209.51241397857666,24,24,4.840233662,[8],8,3,43.28559912787463,pfs,45484,run_idfeature,9829-dc128,cloudid_20160801_021500.nc,1,initial_data
read,1,4830.043289948114,209.51241397857666,24,24,4.840233662,[8],8,3,43.28559912787463,pfs,45484,run_idfeature,9829-dc128,cloudid_20160801_031500.nc,1,initial_data
read,1,4830.043289948114,209.51241397857666,24,24,4.840233662,[8],8,3,43.28559912787463,pfs,45484,run_idfeature,9829-dc128,cloudid_20160801_041500.nc,1,initial_data
read,1,4830.043289948114,209.51241397857666,24,24,4.840233662,[8],8,3,43.28559912787463,pfs,45484,run_idfeature,9829-dc128,cloudid_20160801_051500.nc,1,initial_data
read,1,4830.043289948114,209.51241397857666,24,24,4.840233662,[8],8,3,43.28559912787463,pfs,45484,run_idfeature,9829-dc128,cloudid_20160801_061500.nc,1,initial_data
read,1,4830.043289948114,209.51241397857666,24,24,4.840233662,[8],8,3,43.28559912787463,pfs,45484,run_idfeature,9829-dc128,cloudid_20160801_071500.nc,1,initial_data
read,1,4830.043289948114,209.51241397857666,24,24,4.840233662,[8],8,3,43.28559912787463,pfs,45484,run_idfeature,9829-dc128,cloudid_20160801_081500.nc,1,initial_data
read,1,4830.043289948114,209.51241397857666,24,24,4.840233662,[8],8,3,43.28559912787463,pfs,45484,run_idfeature,9829-dc128,cloudid_20160801_091500.nc,1,initial_data
read,1,4830.043289948114,209.51241397857666,24,24,4.840233662,[8],8,3,43.28559912787463,pfs,45484,run_idfeature,9829-dc128,cloudid_20160801_101500.nc,1,initial_data
read,1,4830.043289948114,209.51241397857666,24,24,4.840233662,[8],8,3,43.28559912787463,pfs,45484,run_idfeature,9829-dc128,cloudid_20160801_111500.nc,1,initial_data
read,1,4830.043289948114,209.51241397857666,24,24,4.840233662,[8],8,3,43.28559912787463,pfs,45484,run_idfeature,9829-dc128,cloudid_20160801_121500.nc,1,initial_data
read,1,4830.043289948114,209.51241397857666,24,24,4.840233662,[8],8,3,43.28559912787463,pfs,45484,run_idfeature,9829-dc128,cloudid_20160801_131500.nc,1,initial_data
read,1,4830.043289948114,209.51241397857666,24,24,4.840233662,[8],8,3,43.28559912787463,pfs,45484,run_idfeature,9829-dc128,cloudid_20160801_141500.nc,1,initial_data
read,1,4830.043289948114,209.51241397857666,24,24,4.840233662,[8],8,3,43.28559912787463,pfs,45484,run_idfeature,9829-dc128,cloudid_20160801_151500.nc,1,initial_data
write,1,5346.494357271156,150.45071506500244,24,24,0.47199746,[8],8,3,318.75323029281225,pfs,29507,run_idfeature,9829-dc128,cloudid_20160801_151500.nc,1,
read,1,4830.043289948114,209.51241397857666,24,24,4.840233662,[8],8,3,43.28559912787463,pfs,45484,run_idfeature,9829-dc128,cloudid_20160801_161500.nc,1,initial_data
write,1,5346.494357271156,150.45071506500244,24,24,0.47199746,[8],8,3,318.75323029281225,pfs,29507,run_idfeature,9829-dc128,cloudid_20160801_171500.nc,1,
read,1,4830.043289948114,209.51241397857666,24,24,4.840233662,[8],8,3,43.28559912787463,pfs,45484,run_idfeature,9829-dc128,cloudid_20160801_191500.nc,1,initial_data
read,1,4830.043289948114,209.51241397857666,24,24,4.840233662,[8],8,3,43.28559912787463,pfs,45484,run_idfeature,9829-dc128,cloudid_20160801_201500.nc,1,initial_data
read,1,4830.043289948114,209.51241397857666,24,24,4.840233662,[8],8,3,43.28559912787463,pfs,45484,run_idfeature,9829-dc128,cloudid_20160801_211500.nc,1,initial_data
read,1,4830.043289948114,209.51241397857666,24,24,4.840233662,[8],8,3,43.28559912787463,pfs,45484,run_idfeature,9829-dc128,IMERG_landmask_180W-180E_60S-60N.nc,1,initial_data
read,1,4830.043289948114,209.51241397857666,24,24,4.840233662,[8],8,3,43.28559912787463,pfs,45484,run_idfeature,9829-dc128,mcstrack_20160801_061500.nc,1,initial_data
read,1,4830.043289948114,209.51241397857666,24,24,4.840233662,[8],8,3,43.28559912787463,pfs,45484,run_idfeature,9829-dc128,mcstrack_20160801_071500.nc,1,initial_data
write,1,5346.494357271156,150.45071506500244,24,24,0.47199746,[8],8,3,318.75323029281225,pfs,29507,run_idfeature,9829-dc128,mcstrack_20160801_081500.nc,1,final_data
write,1,5346.494357271156,150.45071506500244,24,24,0.47199746,[8],8,3,318.75323029281225,pfs,29507,run_idfeature,9829-dc128,mcstrack_20160801_131500.nc,1,final_data
read,1,4830.043289948114,209.51241397857666,24,24,4.840233662,[8],8,3,43.28559912787463,pfs,45484,run_idfeature,9829-dc128,mcstrack_20160801_201500.nc,1,initial_data
read,1,4830.043289948114,209.51241397857666,24,24,4.840233662,[8],8,3,43.28559912787463,pfs,45484,run_idfeature,9829-dc128,mcstrack_20160801_211500.nc,1,initial_data
read,1,4830.043289948114,209.51241397857666,24,24,4.840233662,[8],8,3,43.28559912787463,pfs,45484,run_idfeature,9829-dc128,pr_rlut_mean_sam_2016080115.nc,1,initial_data
read,1,4830.043289948114,209.51241397857666,24,24,4.840233662,[8],8,3,43.28559912787463,pfs,45484,run_idfeature,9829-dc128,pr_rlut_mean_sam_2016080117.nc,1,initial_data
read,1,4830.043289948114,209.51241397857666,24,24,4.840233662,[8],8,3,43.28559912787463,pfs,45484,run_idfeature,9829-dc128,tracknumbers_20160801.0000_20160801.2300.nc,1,initial_data
write,1,5346.494357271156,150.45071506500244,24,24,0.47199746,[8],8,3,318.75323029281225,pfs,29507,run_idfeature,9829-dc128,track_20160801_031500.nc,1,
read,1,4994.6512565248995,216.2667760848999,24,24,4.622140424,[8],8,3,46.78931322855454,pfs,45403,run_idfeature,9830-dc128,cloudid_20160801_021500.nc,1,initial_data
read,1,4994.6512565248995,216.2667760848999,24,24,4.622140424,[8],8,3,46.78931322855454,pfs,45403,run_idfeature,9830-dc128,cloudid_20160801_031500.nc,1,initial_data
write,1,4854.56417121361,136.60776615142822,24,24,0.473444943,[8],8,3,288.5399203671043,pfs,29507,run_idfeature,9830-dc128,cloudid_20160801_031500.nc,1,
read,1,4994.6512565248995,216.2667760848999,24,24,4.622140424,[8],8,3,46.78931322855454,pfs,45403,run_idfeature,9830-dc128,cloudid_20160801_041500.nc,1,initial_data
read,1,4994.6512565248995,216.2667760848999,24,24,4.622140424,[8],8,3,46.78931322855454,pfs,45403,run_idfeature,9830-dc128,cloudid_20160801_071500.nc,1,initial_data
write,1,4854.56417121361,136.60776615142822,24,24,0.473444943,[8],8,3,288.5399203671043,pfs,29507,run_idfeature,9830-dc128,cloudid_20160801_101500.nc,1,
read,1,4994.6512565248995,216.2667760848999,24,24,4.622140424,[8],8,3,46.78931322855454,pfs,45403,run_idfeature,9830-dc128,cloudid_20160801_111500.nc,1,initial_data
read,1,4994.6512565248995,216.2667760848999,24,24,4.622140424,[8],8,3,46.78931322855454,pfs,45403,run_idfeature,9830-dc128,cloudid_20160801_131500.nc,1,initial_data
read,1,4994.6512565248995,216.2667760848999,24,24,4.622140424,[8],8,3,46.78931322855454,pfs,45403,run_idfeature,9830-dc128,cloudid_20160801_171500.nc,1,initial_data
read,1,4994.6512565248995,216.2667760848999,24,24,4.622140424,[8],8,3,46.78931322855454,pfs,45403,run_idfeature,9830-dc128,cloudid_20160801_181500.nc,1,initial_data
read,1,4994.6512565248995,216.2667760848999,24,24,4.622140424,[8],8,3,46.78931322855454,pfs,45403,run_idfeature,9830-dc128,cloudid_20160801_191500.nc,1,initial_data
read,1,4994.6512565248995,216.2667760848999,24,24,4.622140424,[8],8,3,46.78931322855454,pfs,45403,run_idfeature,9830-dc128,cloudid_20160801_221500.nc,1,initial_data
read,1,4994.6512565248995,216.2667760848999,24,24,4.622140424,[8],8,3,46.78931322855454,pfs,45403,run_idfeature,9830-dc128,IMERG_landmask_180W-180E_60S-60N.nc,1,initial_data
write,1,4854.56417121361,136.60776615142822,24,24,0.473444943,[8],8,3,288.5399203671043,pfs,29507,run_idfeature,9830-dc128,mcstrack_20160801_021500.nc,1,final_data
read,1,4994.6512565248995,216.2667760848999,24,24,4.622140424,[8],8,3,46.78931322855454,pfs,45403,run_idfeature,9830-dc128,mcstrack_20160801_041500.nc,1,initial_data
read,1,4994.6512565248995,216.2667760848999,24,24,4.622140424,[8],8,3,46.78931322855454,pfs,45403,run_idfeature,9830-dc128,mcstrack_20160801_051500.nc,1,initial_data
write,1,4854.56417121361,136.60776615142822,24,24,0.473444943,[8],8,3,288.5399203671043,pfs,29507,run_idfeature,9830-dc128,mcstrack_20160801_071500.nc,1,final_data
read,1,4994.6512565248995,216.2667760848999,24,24,4.622140424,[8],8,3,46.78931322855454,pfs,45403,run_idfeature,9830-dc128,mcstrack_20160801_091500.nc,1,initial_data
read,1,4994.6512565248995,216.2667760848999,24,24,4.622140424,[8],8,3,46.78931322855454,pfs,45403,run_idfeature,9830-dc128,mcstrack_20160801_101500.nc,1,initial_data
read,1,4994.6512565248995,216.2667760848999,24,24,4.622140424,[8],8,3,46.78931322855454,pfs,45403,run_idfeature,9830-dc128,pr_rlut_mean_sam_2016080103.nc,1,initial_data
read,1,4994.6512565248995,216.2667760848999,24,24,4.622140424,[8],8,3,46.78931322855454,pfs,45403,run_idfeature,9830-dc128,pr_rlut_mean_sam_2016080110.nc,1,initial_data
read,1,4994.6512565248995,216.2667760848999,24,24,4.622140424,[8],8,3,46.78931322855454,pfs,45403,run_idfeature,9830-dc128,tracknumbers_20160801.0000_20160801.2300.nc,1,initial_data
write,1,4854.56417121361,136.60776615142822,24,24,0.473444943,[8],8,3,288.5399203671043,pfs,29507,run_idfeature,9830-dc128,track_20160801_181500.nc,1,
